trial_id,filename,outcome,text_length,reputation,suspected,accused,witness,quarrel,threat,confess,sabbat,torture,death,released,banished
w001,w001.pdf,death_sentence,24146,19,9,7,13,11,3,3,2,5,22,2,1
w002,w002.pdf,death_sentence,13597,18,12,3,12,3,1,2,1,7,14,0,0
w003,w003.pdf,death_sentence,39298,38,12,7,18,8,8,3,0,0,28,0,0
w004,w004.pdf,death_sentence,4577,0,0,2,0,0,2,2,0,4,3,0,0
w005,w005.pdf,death_sentence,6854,10,4,3,2,0,1,1,0,3,6,0,0
w006,w006.pdf,death_sentence,11816,10,4,20,4,4,1,1,0,3,11,0,0
w007,w007.pdf,death_sentence,12291,7,3,4,3,1,2,2,0,3,12,1,0
w008,w008.pdf,death_sentence,13133,10,3,2,8,0,0,4,2,4,10,0,0
w009,w009.pdf,death_sentence,9986,4,2,6,5,2,0,2,3,6,17,0,0
w010,w010.pdf,death_sentence,5606,3,0,2,4,1,0,2,2,3,4,0,0
w011,w011.pdf,death_sentence,12321,10,3,8,5,2,0,2,0,2,3,0,0
w012,w012.pdf,death_sentence,14464,10,1,5,11,5,0,1,2,2,14,0,0
w013,w013.pdf,death_sentence,21942,9,5,2,6,5,1,2,0,7,16,1,1
w014,w014.pdf,released,11357,8,2,6,4,6,1,1,2,4,7,1,0
w015,w015.pdf,death_sentence,17567,0,0,2,3,0,0,3,0,0,3,0,0
w016,w016.pdf,unknown,8036,11,8,0,3,3,0,0,0,1,1,2,0
w017,w017.pdf,unknown,3287,1,2,5,1,0,0,0,0,1,0,1,0
w018,w018.pdf,death_sentence,16646,17,13,3,5,3,4,1,1,4,4,0,0
w019,w019.pdf,death_sentence,5722,16,4,3,4,2,0,0,0,0,3,1,0
w020,w020.pdf,unknown,7176,0,0,1,0,0,0,0,2,1,0,0,0
w021,w021.pdf,unknown,2491,10,2,0,0,0,0,0,1,0,0,1,0
w022,w022C.pdf,death_sentence,9889,1,1,1,2,1,0,4,0,15,5,0,0
w022,w022B.pdf,death_sentence,8565,2,1,2,1,1,0,2,0,5,1,2,0
w022,w022A.pdf,death_sentence,17291,5,0,3,4,3,3,2,2,5,6,1,0
w022,w022.pdf,death_sentence,23119,0,1,2,3,0,2,3,2,4,1,1,0
w023,w023.pdf,death_sentence,15456,2,5,3,5,2,1,5,1,6,5,0,0
w024,w024.pdf,death_sentence,17726,19,9,3,10,3,2,1,0,8,14,5,0
w025,w025.pdf,death_sentence,24031,15,4,9,5,11,0,3,0,3,13,2,1
w026,w026.pdf,death_sentence,10314,4,2,4,4,3,1,1,0,2,10,0,0
w027,w027.pdf,death_sentence,11905,18,2,9,4,8,1,2,0,5,6,1,0
w028,w028.pdf,death_sentence,16281,16,1,13,5,2,1,2,1,5,11,2,2
w029,w029.pdf,death_sentence,14500,6,1,8,7,4,2,3,0,3,18,0,0
w030,w030.pdf,death_sentence,5011,3,1,3,2,2,0,0,0,2,2,1,0
w031,w031.pdf,death_sentence,11872,2,5,8,3,1,0,1,1,3,6,0,0
w032,w032.pdf,death_sentence,10252,9,0,6,2,4,0,2,2,5,7,1,0
w033,w033.pdf,unknown,6202,0,5,4,2,0,0,0,0,1,4,1,0
w034,w034.pdf,released,18643,4,5,18,12,4,0,1,0,4,7,2,0
w035,w035.pdf,death_sentence,21921,29,6,10,10,5,0,6,2,7,10,2,0
w036,w036.pdf,death_sentence,13869,22,4,8,5,5,0,3,2,3,8,1,0
w037,w037.pdf,death_sentence,11280,17,3,7,4,1,0,4,2,4,9,2,0
w038,w038.pdf,death_sentence,15758,13,5,6,9,3,1,6,1,9,14,1,0
w039,w039.pdf,death_sentence,10949,11,6,10,1,4,0,2,4,6,8,1,0
w040,w040.pdf,death_sentence,16679,17,3,20,10,10,0,3,2,5,8,0,0
w041,w041.pdf,death_sentence,16962,21,2,5,6,10,1,3,2,6,20,3,0
w042,w042.pdf,death_sentence,25417,21,13,6,8,2,3,4,0,10,16,2,0
w043,w043.pdf,death_sentence,11765,12,5,3,7,2,1,3,0,7,15,2,0
w044,w044.pdf,death_sentence,20391,16,7,7,15,2,5,2,0,3,24,1,0
w045,w045.pdf,death_sentence,13507,6,2,5,6,3,4,0,0,2,3,1,0
w046,w046.pdf,death_sentence,20833,21,14,7,8,2,1,3,0,3,13,3,2
w047,w047.pdf,death_sentence,21240,20,7,13,19,5,3,3,0,7,19,0,0
w048,w048.pdf,death_sentence,20279,37,15,9,14,5,0,2,0,12,12,4,0
w049,w049.pdf,death_sentence,9531,27,10,7,3,1,0,5,0,5,11,0,0
w050,w050.pdf,death_sentence,11630,10,7,6,3,0,0,0,0,5,14,0,0
w051,w051.pdf,death_sentence,10900,15,7,5,3,2,2,1,0,2,13,0,0
w052,w052.pdf,death_sentence,4410,10,7,0,2,0,1,2,0,5,4,1,0
w053,w053.pdf,death_sentence,6937,16,9,5,4,4,0,1,0,3,10,0,0
w054,w054.pdf,death_sentence,9463,17,11,5,10,0,2,2,0,4,15,0,0
w055,w055A.pdf,death_sentence,11819,18,3,9,8,3,3,1,0,1,5,0,0
w055,w055.pdf,death_sentence,26384,16,4,7,10,10,2,5,3,2,19,1,0
w056,w056.pdf,death_sentence,32530,5,2,15,8,1,3,4,4,4,11,3,0
w057,w057.pdf,death_sentence,45851,4,0,17,4,3,10,14,46,31,10,3,0
w058,w058.pdf,death_sentence,23399,2,5,2,11,3,0,3,5,2,17,0,0
w059,w059.pdf,death_sentence,19521,7,5,1,12,8,4,4,5,2,10,0,0
w060,w060.pdf,death_sentence,34260,5,12,12,14,10,3,3,2,7,15,2,0
w061,w061.pdf,death_sentence,10839,8,2,3,3,0,0,3,5,0,8,1,0
w062,w062.pdf,death_sentence,10403,5,3,3,6,2,0,1,1,5,11,2,0
w063,w063.pdf,death_sentence,20332,6,7,4,4,7,6,4,0,6,15,2,0
w064,w064.pdf,banished,5836,3,5,2,1,2,0,1,0,3,7,1,1
w065,w065D.pdf,banished,18263,10,7,2,7,2,1,4,2,4,17,2,0
w065,w065C.pdf,banished,11661,7,4,1,2,4,0,4,0,4,6,0,0
w065,w065.pdf,banished,10541,5,0,1,3,3,0,0,0,3,12,0,1
w065,w065A.pdf,banished,21747,3,5,1,11,1,1,2,2,3,10,0,0
w065,w065B.pdf,banished,15284,14,6,4,7,6,1,2,2,0,11,0,0
w066,w066.pdf,death_sentence,16643,0,4,5,13,4,1,7,2,2,8,0,0
w067,w067.pdf,death_sentence,17115,6,4,7,11,4,2,1,0,4,16,2,0
w068,w068.pdf,death_sentence,38976,12,8,3,17,21,5,3,2,9,22,1,0
w068,w068A.pdf,death_sentence,41479,23,25,27,28,7,2,5,0,8,22,3,0
w069,w069.pdf,death_sentence,7744,0,2,4,0,3,2,7,4,8,6,1,0
w070,w070.pdf,death_sentence,12339,1,2,4,9,0,0,4,1,4,5,1,0
w071,w071.pdf,death_sentence,12453,1,1,13,3,1,0,1,2,4,10,0,0
w072,w072.pdf,death_sentence,16825,10,5,9,9,0,1,6,4,3,16,3,0
w073,w073.pdf,death_sentence,24698,11,6,6,7,5,2,2,2,2,27,0,0
w074,w074.pdf,death_sentence,16994,8,2,2,8,2,2,6,1,3,18,0,0
w075,w075.pdf,death_sentence,4352,1,1,0,4,1,0,0,0,1,4,1,1
w076,w076.pdf,death_sentence,23930,20,6,8,17,3,1,5,0,4,18,0,0
w077,w077.pdf,death_sentence,17098,19,8,1,7,0,3,6,1,4,19,0,0
w078,w078.pdf,death_sentence,10038,6,2,4,6,1,2,0,2,7,15,0,0
w079,w079.pdf,death_sentence,11624,5,6,0,4,1,0,0,3,2,7,1,0
w080,w080.pdf,death_sentence,17536,9,4,1,7,4,0,2,2,5,15,0,0
w081,w081.pdf,death_sentence,5240,0,0,0,0,1,0,4,6,0,7,0,0
w081,w081A.pdf,death_sentence,11049,13,0,6,8,4,2,0,1,4,10,1,0
w082,w082.pdf,unknown,6860,13,0,4,2,3,0,2,0,2,9,0,0
w083,w083.pdf,death_sentence,20732,33,1,0,6,6,3,0,1,2,13,2,1
w084,w084.pdf,death_sentence,33037,9,5,18,10,2,2,7,7,11,28,2,0
w085,w085.pdf,death_sentence,15320,6,8,5,7,0,2,0,0,8,15,3,1
w086,w086.pdf,unknown,6436,0,2,0,5,0,1,0,2,0,3,0,0
w087,w087.pdf,death_sentence,12147,1,0,2,6,1,1,0,4,8,2,0,0
w088,w088.pdf,death_sentence,14861,1,1,7,7,1,4,3,4,3,4,0,0
w089,w089.pdf,unknown,17346,5,2,10,9,3,1,0,0,6,9,1,0
w090,w090.pdf,banished,10871,17,9,3,9,2,1,0,0,3,7,1,1
w091,w091.pdf,death_sentence,9991,13,6,0,1,2,3,1,0,4,5,0,0
w092,w092.pdf,death_sentence,5288,1,1,3,1,0,0,1,0,3,4,0,0
w093,w093.pdf,death_sentence,9055,15,6,3,3,2,0,5,1,5,5,1,0
w094,w094.pdf,death_sentence,15316,36,10,6,7,2,1,0,1,6,13,1,0
w095,w095.pdf,death_sentence,15137,2,4,2,12,5,0,1,0,3,18,0,0
w096,w096.pdf,death_sentence,15802,4,5,3,10,4,3,1,0,7,12,1,0
w097,w097.pdf,death_sentence,13912,9,8,4,1,2,1,1,0,3,9,1,0
w098,w098.pdf,death_sentence,17378,15,3,6,4,0,1,4,0,5,2,0,0
w099,w099.pdf,death_sentence,13321,3,5,5,8,4,2,3,0,4,12,0,0
w100,w100.pdf,death_sentence,14912,14,7,9,7,2,3,3,0,2,6,0,0
w101,w101.pdf,death_sentence,8165,5,0,1,2,0,0,1,0,2,1,2,0
w102,w102.pdf,death_sentence,8467,13,10,0,2,3,0,2,1,7,8,1,0
w103,w103.pdf,death_sentence,13968,19,11,4,6,3,2,1,0,2,4,0,0
w104,w104.pdf,death_sentence,9458,4,0,8,2,7,0,2,3,1,14,0,0
w105,w105.pdf,death_sentence,12211,8,2,3,7,2,4,6,2,2,13,0,0
w106,w106.pdf,death_sentence,23829,65,23,2,13,13,2,3,3,3,15,1,0
w107,w107.pdf,death_sentence,40984,50,14,20,19,2,2,4,2,4,28,1,0
w108,w108.pdf,death_sentence,19218,30,5,8,7,4,2,3,1,6,15,0,0
w109,w109.pdf,death_sentence,14771,17,6,10,9,4,2,0,1,2,24,0,0
w110,w110.pdf,death_sentence,7513,0,4,1,3,1,0,0,0,2,8,0,0
w111,w111.pdf,death_sentence,14470,10,0,6,6,3,0,1,1,4,7,2,0
w112,w112.pdf,death_sentence,18856,18,11,6,13,1,4,0,0,3,13,1,0
w113,w113.pdf,death_sentence,14927,15,2,4,5,0,0,3,4,5,12,1,0
w114,w114.pdf,unknown,32222,15,4,8,5,8,0,5,0,15,8,1,0
w115,w115.pdf,death_sentence,19345,0,0,1,16,0,1,0,0,1,3,0,1
w116,w116.pdf,death_sentence,3834,0,2,2,0,1,0,1,0,3,2,0,0
w117,w117.pdf,unknown,4153,1,0,0,1,0,0,0,0,1,4,0,0
w118,w118.pdf,banished,16461,11,8,4,4,0,0,0,0,3,22,0,0
w119,w119.pdf,death_sentence,32148,8,4,3,16,0,2,1,0,2,17,0,0
w120,w120.pdf,death_sentence,32945,8,4,1,7,2,2,0,0,3,10,0,0
w121,w121.pdf,death_sentence,5793,1,1,3,0,0,0,2,0,0,1,0,0
w122,w122.pdf,death_sentence,14720,5,6,3,7,0,4,0,0,2,15,1,0
w123,w123.pdf,death_sentence,11888,15,10,5,4,1,0,2,0,4,16,0,0
w124,w124.pdf,death_sentence,13831,9,5,5,6,3,3,5,0,0,16,0,0
w125,w125.pdf,death_sentence,13377,11,3,4,2,2,0,2,0,2,4,1,0
w126,w126.pdf,death_sentence,14210,9,7,2,9,3,1,5,0,7,16,1,0
w127,w127.pdf,death_sentence,12043,4,7,3,7,8,0,0,0,3,8,0,0
w128,w128.pdf,death_sentence,10508,2,4,4,5,5,1,0,0,2,9,0,0
w129,w129.pdf,death_sentence,3055,0,0,0,2,1,0,1,0,0,7,0,0
w130,w130.pdf,death_sentence,3641,0,0,1,2,1,0,0,0,0,3,0,0
w131,w131.pdf,death_sentence,15917,7,2,3,4,2,0,1,0,4,10,0,0
w132,w132.pdf,banished,6805,2,2,1,1,1,0,0,0,0,8,0,1
w133,w133.pdf,death_sentence,22298,1,4,11,7,4,0,6,4,2,9,1,0
w134,w134.pdf,death_sentence,5220,3,1,0,1,3,0,4,1,2,7,0,0
w135,w135.pdf,death_sentence,6461,1,1,1,4,1,0,2,2,3,1,0,0
w136,w136.pdf,death_sentence,8223,0,3,5,4,1,0,6,3,2,9,0,0
w137,w137.pdf,death_sentence,6346,0,0,5,2,2,0,1,3,3,7,1,0
w138,w138.pdf,unknown,7097,0,0,2,1,0,0,0,1,2,1,0,0
w139,w139.pdf,death_sentence,13924,13,5,3,4,0,4,4,8,2,9,1,0
w140,w140.pdf,death_sentence,12363,7,9,10,3,3,0,1,2,1,11,0,0
w141,w141.pdf,released,10223,6,1,5,1,3,0,1,0,0,0,1,0
w142,w142.pdf,released,19639,19,1,1,5,4,5,2,0,11,11,4,0
w143,w143.pdf,death_sentence,15513,12,4,1,4,5,5,2,3,3,13,0,0
w144,w144.pdf,death_sentence,16961,7,8,8,4,0,3,2,4,3,10,1,0
w145,w145.pdf,death_sentence,14818,23,7,7,12,2,6,5,3,6,9,0,0
w146,w146.pdf,death_sentence,15478,12,1,2,6,5,3,1,2,5,7,1,0
w147,w147.pdf,death_sentence,17178,7,9,5,8,1,7,0,1,4,7,1,0
w148,w148.pdf,death_sentence,18411,11,1,2,11,2,3,2,0,13,12,2,0
w149,w149.pdf,death_sentence,20915,10,6,11,4,2,0,1,3,3,10,0,0
w150,w150.pdf,death_sentence,11909,12,4,7,4,3,3,4,3,7,3,0,0
w151,w151.pdf,unknown,13556,14,8,5,8,0,0,0,0,3,12,1,0
w152,w152.pdf,death_sentence,19718,16,3,6,16,12,5,1,0,6,15,1,1
w153,w153.pdf,death_sentence,13098,10,7,0,5,3,1,4,2,4,7,0,0
w154,w154.pdf,death_sentence,8708,2,0,0,6,2,0,2,6,2,2,0,0
w155,w155.pdf,death_sentence,8251,4,2,3,2,5,4,2,1,5,2,1,0
w156,w156.pdf,death_sentence,26454,24,2,6,17,21,14,6,1,3,15,0,0
w157,w157.pdf,death_sentence,6295,5,1,1,2,5,1,1,0,2,3,3,0
w158,w158.pdf,death_sentence,10505,8,6,4,6,2,0,6,1,4,9,2,0
w159,w159.pdf,death_sentence,8604,20,9,1,1,5,0,2,2,4,6,0,0
w160,w160.pdf,death_sentence,21035,39,15,6,6,2,6,5,1,7,15,1,0
w161,w161.pdf,death_sentence,15969,13,7,0,1,2,0,2,2,5,12,0,0
w162,w162.pdf,death_sentence,15148,13,1,1,8,2,3,8,4,3,14,2,0
w163,w163.pdf,death_sentence,7180,16,3,4,0,2,1,2,4,3,4,0,0
w164,w164.pdf,death_sentence,15153,8,3,4,5,3,2,2,1,3,24,2,0
w165,w165.pdf,death_sentence,7579,10,2,9,1,1,1,1,0,0,4,0,0
w166,w166.pdf,death_sentence,14559,17,9,11,7,2,1,2,0,3,13,0,0
w167,w167.pdf,death_sentence,5382,13,4,7,1,1,1,1,0,0,6,0,0
w168,w168.pdf,death_sentence,16785,12,7,1,2,5,5,3,0,5,13,0,0
w169,w169.pdf,death_sentence,28101,18,7,9,13,10,4,7,0,13,20,3,0
w170,w170.pdf,death_sentence,13067,9,10,5,9,4,5,3,0,6,11,0,0
w171,w171.pdf,death_sentence,15168,10,5,2,3,5,3,0,1,7,11,0,0
w172,w172.pdf,death_sentence,9373,9,5,6,3,3,0,1,0,4,18,0,0
w173,w173.pdf,death_sentence,6478,0,0,1,1,1,3,2,0,3,1,1,0
w174,w174.pdf,death_sentence,4887,5,2,7,0,0,1,5,0,3,3,0,0
w175,w175.pdf,death_sentence,18265,18,8,6,8,5,2,7,0,5,17,0,0
w176,w176.pdf,death_sentence,8331,16,7,0,5,4,0,0,0,2,5,0,0
w177,w177.pdf,death_sentence,9788,0,0,3,1,1,0,6,0,9,6,1,0
w178,w178.pdf,death_sentence,7543,9,4,2,3,0,1,4,0,4,3,0,0
w179,w179.pdf,death_sentence,9565,3,2,4,2,2,0,2,1,3,6,1,0
w180,w180.pdf,death_sentence,19505,18,3,4,5,7,2,5,0,4,9,1,0
w181,w181.pdf,death_sentence,11888,11,5,2,5,2,0,8,1,2,9,1,0
w182,w182.pdf,death_sentence,14223,11,8,9,9,2,1,5,0,3,10,0,0
w183,w183.pdf,death_sentence,8082,15,2,3,1,0,1,2,0,4,10,0,0
w184,w184.pdf,unknown,10101,12,5,3,4,1,1,3,0,2,10,0,0
w185,w185.pdf,death_sentence,8839,15,6,2,3,1,1,2,0,5,7,0,0
w186,w186.pdf,death_sentence,19511,16,5,8,6,10,2,2,0,6,20,1,0
w187,w187.pdf,death_sentence,11180,9,1,3,3,0,2,0,0,2,10,2,0
w188,w188.pdf,death_sentence,8932,0,1,1,1,3,0,1,1,4,1,2,1
w189,w189.pdf,unknown,12191,10,0,3,3,7,0,3,7,4,12,0,0
w190,w190.pdf,death_sentence,13704,21,6,6,4,5,1,2,3,3,15,0,0
w191,w191.pdf,death_sentence,6616,4,0,2,3,6,2,3,5,2,6,0,0
w192,w192.pdf,death_sentence,10205,12,3,3,4,2,0,2,3,2,7,0,0
w193,w193.pdf,released,16998,25,5,2,2,4,2,0,0,4,5,1,0
w194,w194.pdf,death_sentence,10058,19,1,4,2,1,2,4,1,5,10,1,0
w195,w195.pdf,death_sentence,11242,13,0,5,7,3,1,3,4,4,7,0,0
w196,w196.pdf,death_sentence,8832,13,1,8,3,1,0,0,1,3,2,2,0
w197,w197.pdf,death_sentence,23863,27,3,4,18,12,1,4,4,9,20,1,0
w198,w198.pdf,released,7796,8,2,6,9,1,2,2,0,6,8,1,0
w199,w199.pdf,death_sentence,8817,11,7,5,3,2,0,2,0,2,7,0,0
w200,w200.pdf,death_sentence,6575,9,1,0,6,0,1,1,0,0,7,0,0
w201,w201.pdf,death_sentence,9661,8,4,7,3,5,0,1,0,2,11,0,0
w202,w202.pdf,death_sentence,12871,12,5,7,8,0,3,1,0,3,7,1,0
w203,w203.pdf,death_sentence,9653,14,7,3,2,3,0,2,0,4,12,0,0
w204,w204.pdf,death_sentence,12301,9,6,5,1,0,0,2,0,2,5,0,1
w205,w205.pdf,death_sentence,9120,14,4,8,7,1,1,2,0,2,16,0,0
w206,w206.pdf,death_sentence,15701,21,8,11,5,1,2,2,0,4,29,1,0
w207,w207.pdf,death_sentence,11729,11,3,5,5,2,3,4,0,2,19,0,0
w208,w208.pdf,death_sentence,16600,19,6,8,10,3,2,1,0,5,10,1,0
w209,w209.pdf,death_sentence,17618,11,4,15,9,2,1,5,3,5,10,0,0
w210,w210.pdf,death_sentence,12986,22,1,5,13,1,0,5,2,3,4,1,0
w211,w211.pdf,death_sentence,10461,16,4,2,3,6,3,0,0,0,8,0,0
w212,w212.pdf,death_sentence,14387,38,10,11,2,4,3,2,0,4,5,2,0
w213,w213.pdf,death_sentence,6694,16,4,1,4,0,1,4,0,2,4,0,0
w214,w214.pdf,death_sentence,4853,13,3,3,6,0,2,1,0,1,3,1,0
w215,w215.pdf,banished,9021,26,13,1,4,1,1,0,0,0,7,0,1
w216,w216.pdf,unknown,8299,10,4,2,5,1,2,1,0,2,14,0,0
w217,w217.pdf,death_sentence,2869,0,0,2,0,0,0,1,0,0,5,0,0
w218,w218.pdf,death_sentence,5297,1,3,1,0,1,0,2,0,0,5,0,0
w219,w219.pdf,death_sentence,4281,0,0,2,0,3,0,2,0,0,6,0,0
w220,w220.pdf,death_sentence,5339,0,0,1,0,0,0,1,0,1,4,0,0
w221,w221.pdf,death_sentence,8053,18,4,5,4,3,1,1,0,0,12,0,0
w222,w222.pdf,death_sentence,6931,10,4,4,1,5,0,1,0,2,8,0,0
w223,w223.pdf,death_sentence,19218,21,12,16,3,7,0,3,0,2,19,0,0
w224,w224.pdf,death_sentence,14677,7,10,9,5,1,1,9,0,6,8,0,0
w225,w225.pdf,death_sentence,12214,21,4,5,3,0,1,1,0,1,6,0,0
w226,w226.pdf,death_sentence,12554,12,3,3,3,1,1,2,0,3,16,1,0
w227,w227.pdf,death_sentence,10315,4,4,11,5,0,2,1,0,4,6,2,0
w228,w228.pdf,death_sentence,2494,0,0,2,3,0,1,0,0,4,2,2,0
w229,w229.pdf,death_sentence,9768,11,5,7,7,2,5,2,0,2,14,0,0
w230,w230.pdf,death_sentence,14007,28,10,6,9,3,0,1,0,2,13,2,0
w231,w231.pdf,death_sentence,31885,3,3,3,13,0,2,1,0,7,4,0,0
w232,w232.pdf,death_sentence,14661,15,10,9,6,8,1,1,3,2,14,0,0
w233,w233.pdf,death_sentence,18158,19,14,17,10,1,0,2,0,3,16,0,0
w234,w234.pdf,death_sentence,12819,15,7,5,6,3,3,2,1,1,10,0,0
w235,w235.pdf,banished,8293,6,4,3,5,3,2,0,0,0,3,0,1
w236,w236.pdf,death_sentence,18143,18,15,4,3,12,7,0,0,7,10,6,0
w237,w237.pdf,death_sentence,10360,0,0,2,0,0,1,0,5,0,3,1,0
w238,w238.pdf,death_sentence,10463,13,7,4,5,2,3,3,0,0,11,0,0
w239,w239.pdf,death_sentence,17018,13,10,12,7,6,3,3,0,3,10,0,0
w240,w240.pdf,death_sentence,13282,10,9,8,6,5,2,4,4,2,14,1,0
w241,w241.pdf,death_sentence,17582,22,10,3,7,2,0,9,5,3,24,0,0
w242,w242.pdf,death_sentence,14178,14,8,6,12,10,1,1,1,3,28,0,0
w243,w243.pdf,death_sentence,11337,15,3,2,3,0,1,1,3,3,8,0,0
w244,w244.pdf,death_sentence,17286,18,7,16,5,8,2,2,3,2,10,1,1
w245,w245.pdf,death_sentence,16053,11,2,9,6,2,1,0,0,3,13,2,0
w246,w246.pdf,released,9552,15,6,0,8,6,1,1,0,2,5,2,0
w247,w247.pdf,death_sentence,9980,20,5,2,3,1,1,2,2,2,9,0,0
w248,w248.pdf,death_sentence,12183,17,11,8,4,3,0,2,1,1,14,0,0
w249,w249.pdf,death_sentence,8860,11,6,8,6,3,2,1,2,2,10,0,0
w250,w250.pdf,death_sentence,12819,12,7,12,5,3,3,7,3,4,16,0,0
w251,w251.pdf,death_sentence,17718,14,7,8,4,6,2,6,3,3,11,0,0
w252,w252.pdf,death_sentence,10470,9,1,5,2,11,2,1,2,3,10,0,0
w253,w253.pdf,death_sentence,10017,9,9,2,4,5,2,2,0,1,13,0,0
w254,w254.pdf,death_sentence,18270,15,5,16,10,8,0,6,0,6,13,1,0
w255,w255.pdf,death_sentence,9781,10,8,7,7,7,3,4,0,3,10,0,0
w256,w256.pdf,death_sentence,16378,9,15,3,9,2,1,4,0,0,11,0,0
w257,w257.pdf,death_sentence,15457,6,3,10,8,7,1,2,0,5,15,2,0
w258,w258.pdf,death_sentence,17587,14,3,9,8,6,5,6,0,5,17,0,0
w259,w259.pdf,death_sentence,6237,8,0,5,5,1,0,3,0,1,4,0,0
w260,w260.pdf,death_sentence,11199,12,1,10,4,5,2,1,0,0,7,0,0
w261,w261.pdf,death_sentence,7874,6,1,4,2,1,1,2,0,0,8,0,0
w262,w262.pdf,death_sentence,16977,5,5,8,10,3,3,1,5,2,15,4,0
w263,w263.pdf,death_sentence,16113,3,3,17,5,5,3,3,4,6,11,1,0
w264,w264.pdf,death_sentence,14006,4,0,12,3,3,4,2,6,2,8,0,0
w265,w265.pdf,death_sentence,13170,12,1,28,6,5,1,5,2,4,13,2,0
w266,w266.pdf,death_sentence,15505,14,2,8,5,8,0,0,3,0,22,0,0
w267,w267.pdf,death_sentence,10231,10,5,6,6,3,1,1,2,4,7,0,0
w268,w268.pdf,death_sentence,14149,7,2,8,1,7,0,0,4,3,11,0,0
w269,w269.pdf,death_sentence,18426,6,9,4,5,3,0,3,3,3,12,0,0
w270,w270.pdf,death_sentence,16686,20,8,12,4,4,4,3,7,1,16,0,0
w271,w271.pdf,death_sentence,11736,11,6,6,5,5,0,1,7,3,10,0,0
w272,w272.pdf,death_sentence,11613,9,0,8,5,4,3,3,3,2,12,0,0
w273,w273.pdf,death_sentence,15601,2,2,12,13,2,2,1,1,2,5,0,0
w274,w274.pdf,death_sentence,12762,6,4,10,3,7,2,3,3,10,12,1,0
w275,w275.pdf,death_sentence,15277,15,7,16,9,9,3,2,1,4,8,0,0
w276,w276.pdf,death_sentence,13773,8,1,18,7,6,2,4,1,3,18,0,0
w277,w277E.pdf,death_sentence,8709,19,3,13,4,0,1,1,0,3,10,0,0
w277,w277D.pdf,death_sentence,7588,7,4,6,2,1,1,1,0,0,14,0,0
w277,w277C.pdf,death_sentence,11281,12,13,11,4,7,1,3,0,2,25,0,0
w277,w277.pdf,death_sentence,12032,15,2,14,5,8,0,4,1,4,6,0,0
w277,w277A.pdf,death_sentence,13298,8,12,5,7,5,0,0,0,4,9,1,0
w277,w277B.pdf,death_sentence,13181,14,2,8,9,4,1,2,0,2,9,0,0
w278,w278.pdf,death_sentence,15192,17,4,10,7,4,6,1,1,3,6,2,0
w279,w279.pdf,released,14898,8,6,3,7,0,1,0,1,2,11,2,0
w280,w280.pdf,released,10994,9,3,2,4,1,1,1,0,3,10,2,0
w281,w281.pdf,death_sentence,11126,8,4,25,3,5,4,4,2,3,9,0,0
w282,w282.pdf,death_sentence,9900,6,2,12,4,3,0,4,3,0,9,0,0
w283,w283.pdf,death_sentence,5484,1,0,3,1,1,0,4,1,0,6,0,0
w284,w284.pdf,death_sentence,8014,3,1,7,4,0,1,1,2,2,5,0,0
w285,w285.pdf,death_sentence,10688,0,2,6,2,6,0,1,1,2,11,0,0
w286,w286.pdf,death_sentence,16663,5,5,17,10,1,2,2,1,4,19,2,0
w287,w287.pdf,death_sentence,14459,5,1,23,6,8,1,1,4,2,13,1,0
w288,w288.pdf,death_sentence,17382,11,4,19,13,6,1,3,5,3,7,0,0
w289,w289.pdf,death_sentence,13676,2,6,9,5,0,1,3,6,3,14,1,0
w290,w290.pdf,death_sentence,15924,13,6,12,9,6,6,2,1,2,17,0,0
w291,w291.pdf,death_sentence,10023,10,0,10,4,10,4,3,2,2,9,0,0
w292,w292.pdf,death_sentence,17142,20,7,11,16,5,0,2,1,2,14,0,0
w293,w293.pdf,death_sentence,19871,9,9,22,8,0,1,2,4,4,4,0,0
w294,w294.pdf,death_sentence,14400,15,3,9,11,2,3,1,4,4,18,2,0
w295,w295.pdf,death_sentence,12270,9,0,11,8,2,2,3,2,4,10,0,0
w296,w296.pdf,death_sentence,5628,2,1,5,1,0,0,1,2,3,1,1,0
w297,w297.pdf,death_sentence,5247,2,1,5,4,1,0,1,0,2,0,1,0
w298,w298.pdf,death_sentence,12749,14,2,6,4,4,1,1,1,3,18,1,0
w299,w299.pdf,death_sentence,17440,20,7,14,11,13,1,1,1,5,20,0,0
w300,w300.pdf,death_sentence,14625,28,6,11,6,0,1,5,2,6,8,0,0
w301,w301.pdf,death_sentence,12752,14,8,9,6,5,1,6,3,5,5,0,0
w302,w302.pdf,death_sentence,13806,34,2,6,5,4,0,2,5,2,8,0,0
w303,w303.pdf,death_sentence,6790,5,4,4,2,2,0,1,4,0,8,0,0
w304,w304.pdf,death_sentence,5469,3,3,2,0,1,0,5,2,0,7,0,0
w305,w305.pdf,death_sentence,8269,3,2,4,5,7,1,1,1,2,9,1,0
w306,w306.pdf,death_sentence,14650,18,7,12,5,2,1,1,0,1,9,0,0
w307,w307.pdf,death_sentence,11715,15,6,6,7,1,1,2,0,5,9,1,0
w308,w308.pdf,death_sentence,8966,10,9,6,5,2,0,1,0,2,18,0,0
w309,w309.pdf,death_sentence,10974,7,5,3,7,2,1,1,0,5,8,1,0
w310,w310.pdf,death_sentence,7688,6,3,9,4,3,0,0,3,0,11,0,0
w311,w311.pdf,death_sentence,11229,3,2,4,5,2,1,0,1,3,14,1,0
w312,w312.pdf,death_sentence,5764,7,0,4,3,3,0,0,1,0,5,0,0
w313,w313.pdf,death_sentence,9381,8,9,10,10,2,0,1,1,4,15,0,0
w314,w314.pdf,death_sentence,10396,7,2,5,3,1,2,1,2,2,13,0,0
w315,w315.pdf,death_sentence,18420,3,11,10,7,5,0,2,1,8,20,1,0
w316,w316.pdf,death_sentence,11087,1,1,2,4,0,1,0,0,0,6,1,0
w317,w317.pdf,death_sentence,11210,6,3,1,3,2,5,1,0,6,8,0,0
w318,w318.pdf,death_sentence,11160,3,2,7,5,4,2,0,6,5,6,0,0
w319,w319.pdf,death_sentence,27699,4,1,7,14,2,4,4,0,4,5,0,0
w320,w320.pdf,death_sentence,21662,7,8,7,7,2,0,11,2,7,6,4,1
w321,w321.pdf,death_sentence,29507,10,6,4,16,5,0,4,0,6,15,1,0
w322,w322.pdf,death_sentence,14911,3,3,4,4,8,2,1,0,5,6,1,0
w323,w323.pdf,death_sentence,12186,2,3,4,2,1,0,8,3,4,16,1,0
w324,w324.pdf,death_sentence,5126,0,1,3,0,0,0,0,1,0,3,0,0
w325,w325.pdf,banished,12502,7,1,9,5,3,1,1,0,9,6,3,0
w326,w326.pdf,death_sentence,5132,3,3,3,0,2,0,2,0,3,7,0,0
w327,w327.pdf,death_sentence,9468,5,2,10,9,5,1,2,1,5,9,0,0
w328,w328.pdf,death_sentence,8007,5,10,5,11,0,0,3,0,2,3,0,0
w329,w329.pdf,death_sentence,10209,2,5,10,3,0,1,0,0,5,7,2,0
w330,w330.pdf,unknown,13029,5,4,9,8,1,1,0,0,2,5,1,0
w331,w331.pdf,death_sentence,23985,0,1,9,8,1,1,1,1,5,19,0,0
w332,w332.pdf,death_sentence,6110,0,2,1,2,0,2,5,0,4,6,0,0
w333,w333.pdf,death_sentence,5574,0,2,4,1,1,1,3,0,5,1,0,0
w333,w333A.pdf,death_sentence,20258,2,3,14,8,5,1,2,5,3,31,0,0
w333,w333B.pdf,death_sentence,15657,1,5,8,10,1,2,4,0,3,21,0,0
w333,w333C.pdf,death_sentence,3415,0,0,0,0,0,1,5,3,3,1,0,0
w333,w333D.pdf,death_sentence,6874,0,5,6,4,3,0,1,1,2,7,0,0
w333,w333E.pdf,death_sentence,16283,0,11,13,6,0,2,3,3,2,12,0,0
w333,w333F.pdf,death_sentence,15626,2,2,15,5,1,1,6,5,3,9,0,0
w334,w334.pdf,death_sentence,24767,0,11,22,12,3,4,5,5,6,23,1,0
w335,w335.pdf,death_sentence,5456,0,1,0,1,0,1,3,3,5,2,0,1
w336,w336.pdf,death_sentence,16516,11,8,15,12,1,5,0,0,2,5,1,0
w337,w337.pdf,death_sentence,7093,6,1,10,4,1,1,0,0,1,5,0,0
w338,w338.pdf,death_sentence,10808,5,9,8,9,4,2,1,0,5,10,1,0
w339,w339.pdf,death_sentence,7990,3,2,11,5,1,1,1,0,1,2,0,0
w340,w340.pdf,death_sentence,38464,17,17,36,24,5,4,0,0,1,34,0,0
w341,w341.pdf,unknown,9723,0,0,9,6,0,0,0,0,1,0,0,0
w342,w342.pdf,death_sentence,58361,12,7,29,14,5,6,6,3,22,44,5,3
w343,w343.pdf,death_sentence,20176,4,5,8,14,8,5,0,2,4,17,0,0
w344,w344.pdf,banished,7144,10,6,7,6,2,0,0,0,0,4,0,0
w345,w345.pdf,death_sentence,2714,0,0,0,0,0,0,1,0,0,1,0,0
w346,w346.pdf,death_sentence,3439,0,0,0,1,0,0,0,0,4,3,1,1
w350,w350.pdf,death_sentence,10599,1,1,1,4,2,0,3,1,1,6,0,0
